true,pred
Haydn,Bach
Vivaldi,Sor
Scarlatti,Scarlatti
Vivaldi,Haendel
Haydn,Sor
Haydn,Vivaldi
Scarlatti,Scarlatti
Stravinsky,Vivaldi
Haydn,Haydn
Haendel,Bach
Vivaldi,Bach
Liszt,Haydn
Scarlatti,Liszt
Stravinsky,Stravinsky
Haydn,Haendel
Haendel,Vivaldi
Vivaldi,Vivaldi
Liszt,Stravinsky
Scarlatti,Vivaldi
Haendel,Scarlatti
Vivaldi,Sor
Vivaldi,Haendel
Liszt,Stravinsky
Sor,Stravinsky
Scarlatti,Vivaldi
Haendel,Stravinsky
Vivaldi,Bach
Vivaldi,Vivaldi
Liszt,Haydn
Sor,Liszt
Scarlatti,Bach
Haendel,Vivaldi
Haendel,Vivaldi
Sor,Bach
Liszt,Liszt
Liszt,Haendel
Haydn,Bach
Liszt,Vivaldi
Scarlatti,Vivaldi
Scarlatti,Bach
Bach,Liszt
Sor,Haendel
Liszt,Stravinsky
Haydn,Haendel
Vivaldi,Scarlatti
Stravinsky,Sor
Sor,Liszt
Scarlatti,Haydn
Liszt,Scarlatti
Sor,Haydn
Haendel,Haydn
Sor,Stravinsky
Bach,Haendel
Stravinsky,Bach
Sor,Stravinsky
Liszt,Vivaldi
Haydn,Bach
Stravinsky,Vivaldi
Bach,Scarlatti
Vivaldi,Haendel
Scarlatti,Scarlatti
Bach,Vivaldi
Haydn,Bach
Liszt,Haydn
Haendel,Haendel
Haendel,Stravinsky
Haendel,Vivaldi
Haydn,Scarlatti
Bach,Bach
Haendel,Scarlatti
Vivaldi,Vivaldi
Stravinsky,Liszt
Haendel,Vivaldi
Haydn,Haendel
Haydn,Bach
Haydn,Vivaldi
Scarlatti,Bach
Haydn,Stravinsky
Scarlatti,Scarlatti
Sor,Sor
Haydn,Bach
Liszt,Scarlatti
Liszt,Liszt
Scarlatti,Bach
Vivaldi,Vivaldi
Vivaldi,Stravinsky
Haendel,Bach
Scarlatti,Vivaldi
Liszt,Bach
Haendel,Haydn
Scarlatti,Sor
Scarlatti,Liszt
Scarlatti,Haydn
Haendel,Stravinsky
Haendel,Bach
Sor,Haendel
Haendel,Liszt
Haendel,Bach
Sor,Scarlatti
Scarlatti,Haendel
Vivaldi,Sor
Scarlatti,Vivaldi
Sor,Bach
Haendel,Stravinsky
Haydn,Haydn
Liszt,Bach
Scarlatti,Vivaldi
Stravinsky,Liszt
Stravinsky,Vivaldi
Liszt,Scarlatti
Sor,Bach
Bach,Bach
Sor,Bach
Sor,Liszt
Scarlatti,Scarlatti
Haydn,Bach
Haydn,Sor
Sor,Stravinsky
Bach,Scarlatti
Haydn,Vivaldi
Vivaldi,Haendel
Liszt,Liszt
Haydn,Bach
Bach,Vivaldi
Liszt,Vivaldi
Vivaldi,Haendel
Vivaldi,Haendel
Sor,Haydn
Liszt,Bach
Haendel,Vivaldi
Haendel,Sor
Haydn,Stravinsky
Vivaldi,Vivaldi
Sor,Scarlatti
Liszt,Stravinsky
Haendel,Liszt
Haendel,Haendel
Haydn,Sor
Scarlatti,Bach
Haydn,Haydn
Bach,Stravinsky
Liszt,Sor
Haydn,Scarlatti
Stravinsky,Scarlatti
Haendel,Haendel
Haendel,Sor
Stravinsky,Haydn
Haendel,Liszt
Scarlatti,Bach
Liszt,Sor
Bach,Haendel
Stravinsky,Liszt
Haendel,Scarlatti
Scarlatti,Liszt
Haydn,Bach
Liszt,Stravinsky
Scarlatti,Haendel
Stravinsky,Scarlatti
Scarlatti,Haydn
Haendel,Bach
Stravinsky,Stravinsky
Haendel,Vivaldi
Sor,Haydn
Sor,Vivaldi
Sor,Sor
Scarlatti,Vivaldi
Scarlatti,Bach
Stravinsky,Stravinsky
Sor,Scarlatti
Sor,Haendel
Haydn,Sor
Bach,Bach
Haydn,Vivaldi
Liszt,Liszt
Bach,Bach
Stravinsky,Haydn
Vivaldi,Scarlatti
Haendel,Vivaldi
Bach,Scarlatti
Haydn,Vivaldi
Scarlatti,Haendel
Haendel,Bach
Liszt,Scarlatti
Haendel,Liszt
Sor,Scarlatti
Liszt,Haydn
Sor,Scarlatti
Liszt,Sor
Stravinsky,Stravinsky
Haydn,Haendel
Sor,Haydn
Haendel,Vivaldi
Haydn,Haendel
Stravinsky,Liszt
Stravinsky,Vivaldi
Liszt,Bach
Vivaldi,Scarlatti
Liszt,Haydn
Scarlatti,Stravinsky
Stravinsky,Vivaldi
Scarlatti,Haydn
Haydn,Bach
Scarlatti,Haendel
Scarlatti,Scarlatti
Stravinsky,Haendel
Stravinsky,Haydn
Sor,Scarlatti
Bach,Stravinsky
Sor,Stravinsky
Haydn,Sor
Stravinsky,Stravinsky
Stravinsky,Stravinsky
Sor,Sor
Bach,Scarlatti
Sor,Sor
Haydn,Haydn
Vivaldi,Haendel
Haendel,Liszt
Haydn,Bach
Stravinsky,Sor
Liszt,Liszt
Sor,Stravinsky
Liszt,Bach
Vivaldi,Sor
Vivaldi,Sor
Vivaldi,Bach
Haydn,Vivaldi
Bach,Haendel
Vivaldi,Sor
Liszt,Stravinsky
Stravinsky,Scarlatti
Sor,Bach
Vivaldi,Vivaldi
Bach,Haendel
Bach,Stravinsky
Stravinsky,Vivaldi
Sor,Bach
Liszt,Sor
Scarlatti,Bach
Scarlatti,Vivaldi
Haydn,Haendel
Sor,Scarlatti
Bach,Bach
Stravinsky,Haydn
Bach,Bach
Sor,Sor
Vivaldi,Scarlatti
Sor,Bach
Scarlatti,Haendel
Haendel,Stravinsky
Bach,Haendel
Haendel,Sor
Haendel,Scarlatti
Sor,Bach
Scarlatti,Bach
Scarlatti,Stravinsky
Bach,Liszt
Bach,Haydn
Vivaldi,Haydn
Haydn,Haendel
Liszt,Sor
Bach,Liszt
Haydn,Haendel
Sor,Bach
Liszt,Vivaldi
Haydn,Sor
Haydn,Scarlatti
Haendel,Sor
Stravinsky,Bach
Haendel,Haendel
Liszt,Vivaldi
Haydn,Haendel
Haydn,Stravinsky
Haendel,Haydn
Haendel,Scarlatti
Haendel,Bach
Vivaldi,Sor
Scarlatti,Liszt
Bach,Vivaldi
Stravinsky,Stravinsky
Liszt,Stravinsky
Haydn,Bach
Vivaldi,Scarlatti
Liszt,Bach
Haydn,Vivaldi
Scarlatti,Liszt
Stravinsky,Sor
Haydn,Haendel
Bach,Stravinsky
Liszt,Haendel
Haydn,Liszt
Vivaldi,Bach
Haydn,Scarlatti
Haendel,Haydn
Scarlatti,Sor
Scarlatti,Scarlatti
Haendel,Haydn
Bach,Haendel
Haendel,Scarlatti
Haendel,Vivaldi
Stravinsky,Scarlatti
Haendel,Haydn
Haendel,Bach
Bach,Haydn
Scarlatti,Scarlatti
Liszt,Haydn
Scarlatti,Scarlatti
Liszt,Vivaldi
Sor,Sor
Sor,Haendel
Stravinsky,Stravinsky
Sor,Scarlatti
Haydn,Vivaldi
Bach,Scarlatti
Bach,Haendel
Haendel,Haydn
Haendel,Sor
Bach,Sor
Liszt,Vivaldi
Vivaldi,Stravinsky
Sor,Liszt
Liszt,Bach
Liszt,Scarlatti
Stravinsky,Haendel
Scarlatti,Haendel
Vivaldi,Vivaldi
Scarlatti,Bach
Vivaldi,Haydn
Bach,Scarlatti
Bach,Bach
Haendel,Haendel
Haydn,Vivaldi
Scarlatti,Stravinsky
Bach,Scarlatti
Vivaldi,Vivaldi
Stravinsky,Bach
Sor,Liszt
Sor,Haendel
Stravinsky,Vivaldi
Vivaldi,Bach
Haendel,Scarlatti
Scarlatti,Vivaldi
Bach,Sor
Scarlatti,Bach
Haendel,Vivaldi
Vivaldi,Haydn
Bach,Scarlatti
Sor,Sor
Stravinsky,Haendel
Haydn,Bach
Haydn,Vivaldi
Haydn,Vivaldi
Liszt,Haendel
Vivaldi,Haydn
Haydn,Bach
Stravinsky,Haydn
Sor,Haendel
Bach,Scarlatti
Sor,Sor
Scarlatti,Scarlatti
Haendel,Bach
Liszt,Vivaldi
Vivaldi,Haendel
Stravinsky,Scarlatti
Vivaldi,Vivaldi
Scarlatti,Sor
Haydn,Haendel
Stravinsky,Bach
Stravinsky,Haydn
Sor,Sor
Liszt,Scarlatti
Stravinsky,Stravinsky
Haendel,Sor
Sor,Haydn
Sor,Liszt
Stravinsky,Scarlatti
Haydn,Bach
Bach,Haendel
Haydn,Haendel
Vivaldi,Scarlatti
Scarlatti,Bach
Scarlatti,Stravinsky
Haydn,Scarlatti
Haendel,Bach
Sor,Haendel
Liszt,Stravinsky
Vivaldi,Vivaldi
Scarlatti,Haydn
Bach,Sor
Sor,Bach
Scarlatti,Scarlatti
Bach,Haendel
Bach,Sor
Haendel,Sor
Liszt,Bach
Liszt,Scarlatti
Bach,Scarlatti
Vivaldi,Haendel
Scarlatti,Bach
Bach,Haendel
Haydn,Haydn
Scarlatti,Bach
Liszt,Haendel
Stravinsky,Vivaldi
Vivaldi,Haydn
Scarlatti,Scarlatti
Haydn,Vivaldi
Stravinsky,Stravinsky
Sor,Vivaldi
Liszt,Haendel
Haydn,Sor
Bach,Bach
Stravinsky,Bach
Stravinsky,Scarlatti
Haydn,Vivaldi
Stravinsky,Vivaldi
Scarlatti,Stravinsky
Liszt,Haydn
Stravinsky,Haendel
Scarlatti,Bach
Vivaldi,Haendel
Haendel,Haydn
Liszt,Bach
Scarlatti,Scarlatti
Scarlatti,Haendel
Stravinsky,Vivaldi
Haydn,Haendel
Stravinsky,Bach
Bach,Vivaldi
Scarlatti,Vivaldi
Haydn,Scarlatti
Vivaldi,Vivaldi
Sor,Haendel
Bach,Sor
Haydn,Vivaldi
Scarlatti,Stravinsky
Scarlatti,Liszt
Sor,Haydn
Haendel,Vivaldi
Vivaldi,Scarlatti
Bach,Stravinsky
Sor,Bach
Sor,Haendel
Bach,Haydn
Haendel,Vivaldi
Sor,Haendel
Scarlatti,Scarlatti
Haendel,Stravinsky
Haendel,Bach
Haydn,Stravinsky
Vivaldi,Scarlatti
Haendel,Haendel
Sor,Bach
Scarlatti,Scarlatti
Haendel,Haendel
Sor,Sor
Haydn,Vivaldi
Stravinsky,Vivaldi
Bach,Vivaldi
Sor,Vivaldi
Liszt,Vivaldi
Vivaldi,Vivaldi
Bach,Haendel
Stravinsky,Sor
Scarlatti,Bach
Scarlatti,Bach
Vivaldi,Sor
Stravinsky,Bach
Haydn,Vivaldi
Haendel,Liszt
Haydn,Haydn
Scarlatti,Bach
Sor,Stravinsky
Vivaldi,Bach
Bach,Stravinsky
Sor,Bach
Haydn,Liszt
Haendel,Haendel
Haydn,Bach
Bach,Vivaldi
Scarlatti,Haendel
Haydn,Bach
Liszt,Stravinsky
Vivaldi,Haydn
Haendel,Sor
Vivaldi,Scarlatti
Bach,Vivaldi
Stravinsky,Liszt
Haendel,Bach
Haydn,Haydn
Bach,Bach
Liszt,Liszt
